{
  "report": {
    "created_at": "2019-09-15 23:52:44.834835",
    "environment": {
      "Platform": "Windows-10-10.0.17763-SP0",
      "Python": "3.7.4"
    },
    "summary": {
      "duration": 0.1296548843383789,
      "num_tests": 14,
      "passed": 14
    },
    "tests": [
      {
        "call": {
          "duration": 0.0004951953887939453,
          "name": "call",
          "outcome": "passed"
        },
        "duration": 0.03211522102355957,
        "name": "Basics/test_InbuiltFixtures.py::test_PrintTempDir",
        "outcome": "passed",
        "run_index": 0,
        "setup": {
          "duration": 0.015546321868896484,
          "name": "setup",
          "outcome": "passed"
        },
        "teardown": {
          "duration": 0.0005273818969726562,
          "name": "teardown",
          "outcome": "passed"
        }
      },
      {
        "call": {
          "duration": 0.00042700767517089844,
          "name": "call",
          "outcome": "passed"
        },
        "duration": 0.003407716751098633,
        "name": "Basics/test_InbuiltFixtures.py::test_PrintTempPath",
        "outcome": "passed",
        "run_index": 1,
        "setup": {
          "duration": 0.0014903545379638672,
          "name": "setup",
          "outcome": "passed"
        },
        "teardown": {
          "duration": 0.0,
          "name": "teardown",
          "outcome": "passed"
        }
      },
      {
        "call": {
          "duration": 0.0004942417144775391,
          "name": "call",
          "outcome": "passed"
        },
        "duration": 0.0014050006866455078,
        "name": "Basics/test_InbuiltFixtures.py::test_PrintTempFactory",
        "outcome": "passed",
        "run_index": 2,
        "setup": {
          "duration": 0.0004553794860839844,
          "name": "setup",
          "outcome": "passed"
        },
        "teardown": {
          "duration": 0.0,
          "name": "teardown",
          "outcome": "passed"
        }
      },
      {
        "call": {
          "duration": 0.0004951953887939453,
          "name": "call",
          "outcome": "passed"
        },
        "duration": 0.0004951953887939453,
        "name": "Basics/test_InbuiltFixtures.py::test_TempDirFactory",
        "outcome": "passed",
        "run_index": 3,
        "setup": {
          "duration": 0.0,
          "name": "setup",
          "outcome": "passed"
        },
        "teardown": {
          "duration": 0.0,
          "name": "teardown",
          "outcome": "passed"
        }
      },
      {
        "call": {
          "duration": 0.0,
          "name": "call",
          "outcome": "passed"
        },
        "duration": 0.0,
        "name": "Basics/test_InbuiltFixtures.py::test_DoctestNamespace",
        "outcome": "passed",
        "run_index": 4,
        "setup": {
          "duration": 0.0,
          "name": "setup",
          "outcome": "passed"
        },
        "teardown": {
          "duration": 0.0,
          "name": "teardown",
          "outcome": "passed"
        }
      },
      {
        "call": {
          "duration": 0.0004944801330566406,
          "name": "call",
          "outcome": "passed"
        },
        "duration": 0.0013890266418457031,
        "name": "Basics/test_InbuiltFixtures.py::test_PytestConfig",
        "outcome": "passed",
        "run_index": 5,
        "setup": {
          "duration": 0.00044727325439453125,
          "name": "setup",
          "outcome": "passed"
        },
        "teardown": {
          "duration": 0.0,
          "name": "teardown",
          "outcome": "passed"
        }
      },
      {
        "call": {
          "duration": 0.0,
          "name": "call",
          "outcome": "passed"
        },
        "duration": 0.0,
        "name": "Basics/test_InbuiltFixtures.py::test_Recwarn",
        "outcome": "passed",
        "run_index": 6,
        "setup": {
          "duration": 0.0,
          "name": "setup",
          "outcome": "passed"
        },
        "teardown": {
          "duration": 0.0,
          "name": "teardown",
          "outcome": "passed"
        }
      },
      {
        "call": {
          "duration": 0.0,
          "name": "call",
          "outcome": "passed"
        },
        "duration": 0.0,
        "name": "Basics/test_InbuiltFixtures.py::test_CapLog",
        "outcome": "passed",
        "run_index": 7,
        "setup": {
          "duration": 0.0,
          "name": "setup",
          "outcome": "passed"
        },
        "teardown": {
          "duration": 0.0,
          "name": "teardown",
          "outcome": "passed"
        }
      },
      {
        "call": {
          "duration": 0.0,
          "name": "call",
          "outcome": "passed"
        },
        "duration": 0.0,
        "name": "Basics/test_InbuiltFixtures.py::test_RecordProperty",
        "outcome": "passed",
        "run_index": 8,
        "setup": {
          "duration": 0.0,
          "name": "setup",
          "outcome": "passed"
        },
        "teardown": {
          "duration": 0.0,
          "name": "teardown",
          "outcome": "passed"
        }
      },
      {
        "call": {
          "duration": 0.0,
          "name": "call",
          "outcome": "passed"
        },
        "duration": 0.0009951591491699219,
        "name": "Basics/test_InbuiltFixtures.py::test_RecordTestSuiteProperty",
        "outcome": "passed",
        "run_index": 9,
        "setup": {
          "duration": 0.0004975795745849609,
          "name": "setup",
          "outcome": "passed"
        },
        "teardown": {
          "duration": 0.0,
          "name": "teardown",
          "outcome": "passed"
        }
      },
      {
        "call": {
          "duration": 0.0,
          "name": "call",
          "outcome": "passed"
        },
        "duration": 0.000995635986328125,
        "name": "Basics/test_InbuiltFixtures.py::test_RecordXmlAttribute",
        "outcome": "passed",
        "run_index": 10,
        "setup": {
          "duration": 0.0004978179931640625,
          "name": "setup",
          "outcome": "passed"
        },
        "teardown": {
          "duration": 0.0,
          "name": "teardown",
          "outcome": "passed"
        }
      },
      {
        "call": {
          "duration": 0.0,
          "name": "call",
          "outcome": "passed"
        },
        "duration": 0.0004973411560058594,
        "name": "Basics/test_InbuiltFixtures.py::test_CaptureLogs",
        "outcome": "passed",
        "run_index": 11,
        "setup": {
          "duration": 0.0,
          "name": "setup",
          "outcome": "passed"
        },
        "teardown": {
          "duration": 0.0004973411560058594,
          "name": "teardown",
          "outcome": "passed"
        }
      },
      {
        "call": {
          "duration": 0.0004951953887939453,
          "name": "call",
          "outcome": "passed"
        },
        "duration": 0.001489877700805664,
        "name": "Basics/test_InbuiltFixtures.py::test_FixturedMethod",
        "outcome": "passed",
        "run_index": 12,
        "setup": {
          "duration": 0.0004973411560058594,
          "name": "setup",
          "outcome": "passed"
        },
        "teardown": {
          "duration": 0.0,
          "name": "teardown",
          "outcome": "passed"
        }
      },
      {
        "call": {
          "duration": 0.0004947185516357422,
          "name": "call",
          "outcome": "passed"
        },
        "duration": 0.0004947185516357422,
        "name": "Basics/test_InbuiltFixtures.py::test_NormalMethod",
        "outcome": "passed",
        "run_index": 13,
        "setup": {
          "duration": 0.0,
          "name": "setup",
          "outcome": "passed"
        },
        "teardown": {
          "duration": 0.0,
          "name": "teardown",
          "outcome": "passed"
        }
      }
    ]
  }
}